{"mega-menu-5":{"classifieds_text-2":{"title":"","text":""}},"sidebar-blog":{"search-2":{"title":""},"recent-posts-2":{"title":"","number":5}},"sidebar-right":{"search-3":{"title":""},"recent-posts-4":{"title":"","number":3,"show_date":false}},"sidebar-left":{"search-4":{"title":""},"recent-posts-3":{"title":"","number":3,"show_date":false}},"sidebar-bottom-1":{"classifieds_logo_text-2":{"logo_link":"http:\/\/demo.powerthemes.club\/themes\/classifieds\/wp-content\/uploads\/2015\/09\/logo.png","text":"The Best Classified Ads Wordpress Theme in the world  <a href=\"http:\/\/themeforest.net\/user\/pebas\" target=\"_blank\">buy now<\/a>"}},"sidebar-bottom-2":{"classifieds_follow_us-2":{"title":"Follow Us","facebook":"#","twitter":"#","linkedin":"#","google":"#"}},"sidebar-bottom-3":{"classifieds_payments-5":{"title":"Payments","link_1":"#","image_tag_1":"skrill","link_2":"#","image_tag_2":"paypal","link_3":"#","image_tag_3":"ideal","link_4":"#","image_tag_4":"stripe","link_5":"#","image_tag_5":"bank","link_6":"#","image_tag_6":"payu"}},"shop-sidebar":{"woocommerce_layered_nav-2":{"title":"Filter by","display_type":"list","query_type":"and"},"woocommerce_layered_nav_filters-2":{"title":"Active Filters"},"woocommerce_price_filter-2":{"title":"Filter by price"},"woocommerce_product_categories-2":{"title":"Product Categories","orderby":"name","dropdown":0,"count":0,"hierarchical":0,"show_children_only":"1"},"woocommerce_products-2":{"title":"Products","number":"5","show":"","orderby":"date","order":"desc","hide_free":0,"show_hidden":0},"woocommerce_recent_reviews-2":{"title":"Recent Reviews","number":"10"},"woocommerce_product_search-2":{"title":"Product Search"},"woocommerce_recently_viewed_products-2":{"title":"Recently Viewed Products","number":"10"},"woocommerce_product_tag_cloud-2":{"title":"Product Tags"},"woocommerce_widget_cart-2":{"title":"Cart","hide_if_empty":0},"woocommerce_top_rated_products-2":{"title":"Top Rated Products","number":"5"}},"mega-menu-1":{"classifieds_categories-4":{"title":"","categories":["community","for-rent","items-for-sale"]},"classifieds_categories-5":{"title":"","categories":["jobs","personals","pets"]},"classifieds_categories-6":{"title":"","categories":["real_estate","services","vehicles"]}}}