{"sidebar-blog":{"search-2":{"title":"Search Blog"},"recent-posts-2":{"title":"","number":5},"recent-comments-2":{"title":"","number":5},"archives-2":{"title":"Archives","count":0,"dropdown":0},"categories-2":{"title":"Categories","count":0,"hierarchical":0,"dropdown":0},"meta-2":{"title":"Meta"},"compare_social-2":{"image":null,"link":"","facebook":"https:\/\/www.facebook.com\/powerthemesclub","google":"https:\/\/plus.google.com\/+POWERTHEMES","twitter":"https:\/\/twitter.com\/powerthemesclub","logo":""},"compare_icon_text-2":{"title":"Powerthemes","title1":"Serving the World","icon1":"globe","text1":"Where the best themes are made possible!","title2":"","icon2":"No Icon","text2":"","title3":"","icon3":"No Icon","text3":"","title4":"","icon4":"No Icon","text4":"","title5":"","icon5":"No Icon","text5":""}},"sidebar-contact":{"compare_icon_text-3":{"title":"Additional Info","title1":"Street Address","icon1":"map-marker","text1":"48 Street, New York","title2":"24\/7 Support phone","icon2":"phone","text2":"0800\/2222-33333","title3":"","icon3":"No Icon","text3":"","title4":"","icon4":"No Icon","text4":"","title5":"","icon5":"No Icon","text5":""}},"sidebar-product":{"compare_brands-4":{"title":"Top Brands","brands":["apple","boss","chanel","dell","jord","lg","panasonic","samsung"],"items":"8","columns":"2","rows":"2"},"compare_banner-2":{"image":"http:\/\/demo.powerthemes.club\/themes\/compare\/wp-content\/uploads\/2015\/08\/banner1.jpg","link":"http:\/\/demo.powerthemes.club\/themes\/compare\/product\/dell-ultrasharp-monitor-27-5k-ultra-hd-resolution\/"},"tag_cloud-3":{"title":"Tags","taxonomy":"post_tag"}},"sidebar-bottom-1":{"text-2":{"title":"Contact Us","text":"Po #223344 Box\r\nNew York 2213 Street USA\r\n\r\nPhone: +333.333.222\r\nFax: +333.333.2233","filter":true}},"sidebar-bottom-2":{"compare_custom_menu-3":{"title":"Useful Links","menu":"3","columns":"2"}},"sidebar-bottom-3":{"compare_social-3":{"logo":"http:\/\/demo.powerthemes.club\/themes\/compare\/wp-content\/uploads\/2015\/08\/logo_footer.png","link":"http:\/\/demo.powerthemes.club\/themes\/compare\/","facebook":"https:\/\/www.facebook.com\/powerthemesclub","google":"https:\/\/plus.google.com\/+POWERTHEMES\/posts","twitter":"https:\/\/twitter.com\/powerthemesclub"}},"home-sidebar-1":{"compare_brands-3":{"title":"Top Brands","brands":null,"items":"9","columns":"2","rows":"3"}},"home-sidebar-2":{"tag_cloud-2":{"title":"Tags","taxonomy":"post_tag"},"compare_stores-2":{"title":"Top Stores","stores":null,"items":"6","columns":"2","rows":"2"}},"mega-menu-1":{"compare_categories-4":{"title":"Top Categories","categories":["cell-phones","computer","digital-cameras","health-beauty","laptops","large-monitors","radar-detectors","wireless-routers","wireless-speakers"]},"compare_categories-6":{"title":"Staff Picked","categories":["access-control-systems","at-a-quarter-of-two","bar-stool","bathtubs","batteries","changing-table","christmas","coat-rack","dehumidifiers"]}}}